<Resume xmlns="http://schemas.datacontract.org/2004/07/MyAwesomeResume" xmlns:i="http://www.w3.org/2001/XMLSchema-instance"><Education><Degrees><Degree><Description>Dissertation: Image Processing Applied to Process Control</Description><End>2005-01-01T00:00:00</End><Name>Master of Science (Computer Science)</Name><Start>2003-03-01T00:00:00</Start><University>Federal University of Rio de Janeiro</University></Degree><Degree><Description>Dissertation: Clustering Algorithms and Neural Networks Applied to Recognition of Handwritten Characters</Description><End>2002-11-01T00:00:00</End><Name>Bachelor of Science (Computer Science)</Name><Start>1998-03-01T00:00:00</Start><University>Federal University of Rio de Janeiro</University></Degree></Degrees></Education><Jobs><JobList><Job><Company>Microsoft</Company><Current>true</Current><Description>Halo 4 Game Services Team</Description><End i:nil="true"/><Position>Software Development Engineer</Position><Start>2011-11-01T00:00:00</Start><Team>343 Industries</Team></Job><Job><Company>Microsoft</Company><Current>false</Current><Description>Client/Front end team in Web Excel</Description><End>2011-11-01T00:00:00</End><Position>Software Development Engineer</Position><Start>2010-10-01T00:00:00</Start><Team>Excel Services</Team></Job><Job><Company>Microsoft</Company><Current>false</Current><Description>MAP/OASIS/PAC developer</Description><End>2010-10-01T00:00:00</End><Position>Software Development Engineer</Position><Start>2009-05-01T00:00:00</Start><Team>Mobile Advertisement Experience Platform</Team></Job><Job><Company>Microsoft</Company><Current>true</Current><Description>Audio/DSP team</Description><End i:nil="true"/><Position>Software Development Engineer in Test</Position><Start>2006-10-01T00:00:00</Start><Team>Real Time Collaboration</Team></Job></JobList></Jobs><PersonalData><Address>This Is Where My Address Would Go, Redmond, WA, 98053</Address><Email>thisismyemail@gmail.com</Email><Name>This Is Where My Name Would Go</Name><Phone>425-222-2222</Phone></PersonalData></Resume>